{"elasticnet": 0.6000000000000001, "lgbm": 0.3999999999999999}